id,conversation_id,created_at,date,time,timezone,user_id,username,name,place,tweet,mentions,urls,photos,replies_count,retweets_count,likes_count,hashtags,cashtags,link,retweet,quote_url,video,near,geo,source,user_rt_id,user_rt,retweet_id,reply_to,retweet_date,translate,trans_src,trans_dest
1226431334178066442,1226431334178066442,1581238990000,2020-02-09,12:03:10,+03,1673248831,ziyaonis,Ziya Onis,,LSE ile birlikte düzenlediğimiz Türk Dış Politikası Çalıştayımızdan.... pic.twitter.com/e8YGV3l5y4,[],[],['https://pbs.twimg.com/media/EQUowtaWkAY_xS0.jpg'],1,5,191,[],[],https://twitter.com/ZiyaOnis/status/1226431334178066442,False,,0,,,,,,,"[{'user_id': '1673248831', 'username': 'ZiyaOnis'}]",,From our Turkish Foreign Policy Workshop organized with LSE .... pic.twitter.com/e8YGV3l5y4,tr,en
1221896090984812548,1221896090984812548,1580157704000,2020-01-27,23:41:44,+03,1673248831,ziyaonis,Ziya Onis,,"Davos ile ilgili Çarpıcı bir Yazı https://t24.com.tr/yazarlar/osman-ulagay/trump-davos-un-iklimini-nasil-bozdu,25356 …",[],"['https://t24.com.tr/yazarlar/osman-ulagay/trump-davos-un-iklimini-nasil-bozdu,25356']",[],0,0,10,[],[],https://twitter.com/ZiyaOnis/status/1221896090984812548,False,,0,,,,,,,"[{'user_id': '1673248831', 'username': 'ZiyaOnis'}]",,"A Striking Article about Davos https://t24.com.tr/yazarlar/osman-ulagay/trump-davos-un-iklimini-nasil-bozdu,25356…",tr,en
1219192132902236166,1219192132902236166,1579513030000,2020-01-20,12:37:10,+03,1673248831,ziyaonis,Ziya Onis,,Önemli tespitler içeren bir çalışma... https://twitter.com/selvinkorkmaz/status/1219183319306375174 …,[],['https://twitter.com/selvinkorkmaz/status/1219183319306375174'],[],1,2,13,[],[],https://twitter.com/ZiyaOnis/status/1219192132902236166,False,https://twitter.com/selvinkorkmaz/status/1219183319306375174,0,,,,,,,"[{'user_id': '1673248831', 'username': 'ZiyaOnis'}]",,A study with important findings ... https://twitter.com/selvinkorkmaz/status/1219183319306375174…,tr,en
1212682949403054082,1212682949403054082,1577961120000,2020-01-02,13:32:00,+03,1673248831,ziyaonis,Ziya Onis,,Çok teşekkürler Kerem. https://twitter.com/mkeremcoban/status/1212655902546956288 …,[],['https://twitter.com/mkeremcoban/status/1212655902546956288'],[],0,0,3,[],[],https://twitter.com/ZiyaOnis/status/1212682949403054082,False,https://twitter.com/mkeremcoban/status/1212655902546956288,0,,,,,,,"[{'user_id': '1673248831', 'username': 'ZiyaOnis'}]",,"Thank you very much, Kerem. https://twitter.com/mkeremcoban/status/1212655902546956288 ...",tr,en
1210563594535997445,1210563594535997445,1577455826000,2019-12-27,17:10:26,+03,1673248831,ziyaonis,Ziya Onis,,"Mustafa Kutlay ile birlikte Avrupa Birliği'nin Geleceğini tartıştığımız yeni makalemiz...
Reverse transformation? Global shifts, the core-periphery divide and the future of the EU https://www.tandfonline.com/doi/full/10.1080/14782804.2019.1708280#.XgYQXXn4zog.twitter …",[],['https://www.tandfonline.com/doi/full/10.1080/14782804.2019.1708280#.XgYQXXn4zog.twitter'],[],1,12,86,[],[],https://twitter.com/ZiyaOnis/status/1210563594535997445,False,,0,,,,,,,"[{'user_id': '1673248831', 'username': 'ZiyaOnis'}]",,"Our new article with Mustafa Kutlay discussing the Future of the European Union ...
Reverse transformation? Global shifts, the core-periphery divide and the future of the EU https://www.tandfonline.com/doi/full/10.1080/14782804.2019.1708280#.XgYQXXn4zog.twitter…",tr,en
1208491160164896768,1208491160164896768,1576961719000,2019-12-21,23:55:19,+03,1673248831,ziyaonis,Ziya Onis,,"Değerli arkadaşlar, güzel mesajlarınız için çok teşekkürler.
Mutlu ve huzurlu bir Yeni Yıl dileklerimle.",[],[],[],1,0,45,[],[],https://twitter.com/ZiyaOnis/status/1208491160164896768,False,,0,,,,,,,"[{'user_id': '1673248831', 'username': 'ZiyaOnis'}]",,"Dear friends, thank you very much for your nice messages.
I wish you a happy and peaceful New Year.",tr,en
1208287169724465152,1208287169724465152,1576913084000,2019-12-21,10:24:44,+03,1673248831,ziyaonis,Ziya Onis,,Koç Üniversitesinde yirminci yılımızı tamamladık. Kutlama töreninden... pic.twitter.com/GQYFMye3Yt,[],[],['https://pbs.twimg.com/media/EMSyxdAW4AArUH4.jpg'],17,5,255,[],[],https://twitter.com/ZiyaOnis/status/1208287169724465152,False,,0,,,,,,,"[{'user_id': '1673248831', 'username': 'ZiyaOnis'}]",,We have completed our twentieth year at Koç University. Celebration ceremony ... pic.twitter.com/GQYFMye3Yt,tr,en
1181165247547228160,1181165247547228160,1570446714000,2019-10-07,14:11:54,+03,1673248831,ziyaonis,Ziya Onis,,Çok teşekkürler Ayhan. Her yönüyle güzel ve verimli bir toplantı oldu. Tüm arkadaşlara ve katılımcılara ve özellikle toplantıyı düzenleyen Öner Günçavdi'ya teşekkürler. https://twitter.com/AyhanKaya14/status/1180022120551727105 …,[],['https://twitter.com/AyhanKaya14/status/1180022120551727105'],[],0,0,25,[],[],https://twitter.com/ZiyaOnis/status/1181165247547228160,False,https://twitter.com/AyhanKaya14/status/1180022120551727105,0,,,,,,,"[{'user_id': '1673248831', 'username': 'ZiyaOnis'}]",,"Thank you very much Ayhan. It was a nice and productive meeting in every aspect. Thanks to all friends and participants, and especially Öner Günçavdi, who organized the meeting. https://twitter.com/ayhankaya14/status/1180022120551727105 ...",tr,en
1145214169375006720,1145214169375006720,1561875309000,2019-06-30,09:15:09,+03,1673248831,ziyaonis,Ziya Onis,,Versay Barış Antlaşmasının 100.'üncü yıldönümü: Küresel yönetişim açısından tarihten çıkarılması gereken önemli dersler. https://twitter.com/ForeignAffairs/status/1145211554108977152 …,[],['https://twitter.com/ForeignAffairs/status/1145211554108977152'],[],1,1,33,[],[],https://twitter.com/ZiyaOnis/status/1145214169375006720,False,https://twitter.com/ForeignAffairs/status/1145211554108977152,0,,,,,,,"[{'user_id': '1673248831', 'username': 'ZiyaOnis'}]",,100th anniversary of the Versailles Peace Treaty: Important lessons to be learned from history in terms of global governance. https://twitter.com/foreignaffairs/status/1145211554108977152 ...,tr,en
1143024712488038400,1143024712488038400,1561353302000,2019-06-24,08:15:02,+03,1673248831,ziyaonis,Ziya Onis,,23 Haziran seçimleriyle  birlikte yeniden umutlandık.  Demokrasi tarihimizde önemli bir dönemeç. Teşekkürler @ekrem_imamoglu  Bu ülke hepimizin. Hep beraber daha güzel şeyler başarabiliriz.,['ekrem_imamoglu'],[],[],1,6,76,[],[],https://twitter.com/ZiyaOnis/status/1143024712488038400,False,,0,,,,,,,"[{'user_id': '1673248831', 'username': 'ZiyaOnis'}, {'user_id': '422861505', 'username': 'ekrem_imamoglu'}]",,We were hopeful again with the June 23 elections. It is an important turning point in our history of democracy. Thanks @ekrem_imamoglu This country is all of us. We can achieve more beautiful things together.,tr,en
1142428789001150464,1142428789001150464,1561211223000,2019-06-22,16:47:03,+03,1673248831,ziyaonis,Ziya Onis,,"Bugünkü diploma töreninden... Doktora mezunlarımız Emre ve Tim (sağda) ve yüksek lisans mezunlarımız Nilay (Hukuk), Ezgi ve Alper (solda) ile bir arada. Hepsi çok başarılı öğrencilerimiz. Tüm mezun olan öğrencilerimizi kutlar, başarılarının devamını dilerim. pic.twitter.com/Zd9dYvNqEz",[],[],['https://pbs.twimg.com/media/D9q4py_XkAES9gE.jpg'],1,1,79,[],[],https://twitter.com/ZiyaOnis/status/1142428789001150464,False,,0,,,,,,,"[{'user_id': '1673248831', 'username': 'ZiyaOnis'}]",,"Today's diploma ceremony ... Together with our PhD graduates Emre and Tim (right) and our graduate graduates Nilay (Law), Ezgi and Alper (left). They are all very successful students. I congratulate all our graduates and wish them continued success. pic.twitter.com/zd9dyvnqez",tr,en
1142088714669215744,1142088714669215744,1561130143000,2019-06-21,18:15:43,+03,1673248831,ziyaonis,Ziya Onis,,Üniversitemizle ilgili çok güzel bir haber. https://twitter.com/KUIntAdmissions/status/1142070471216644096 …,[],['https://twitter.com/KUIntAdmissions/status/1142070471216644096'],[],0,7,78,[],[],https://twitter.com/ZiyaOnis/status/1142088714669215744,False,https://twitter.com/KUIntAdmissions/status/1142070471216644096,0,,,,,,,"[{'user_id': '1673248831', 'username': 'ZiyaOnis'}]",,Very good news about our university. https://twitter.com/kuıntadmissions/status/1142070471216644096 ...,tr,en
1141412583616012288,1141412583616012288,1560968941000,2019-06-19,21:29:01,+03,1673248831,ziyaonis,Ziya Onis,,"Norman Stone'u Koç'ta bulunduğu kısa dönem zarfında tanıma fırsatı bulmuştum. Vefat haberini alınca üzüldüm.  Ülkemizi gerçekten seven, renkli bir kişilik ve değerli bir bilim insanıydı. Toprağı bol olsun.",[],[],[],0,2,56,[],[],https://twitter.com/ZiyaOnis/status/1141412583616012288,False,,0,,,,,,,"[{'user_id': '1673248831', 'username': 'ZiyaOnis'}]",,I had the opportunity to get to know Norman Stone during his short term in Koç. I was sad when I received the news of death. He was a colorful personality and a valuable scientist who truly loved our country. Rest in peace.,tr,en
1130360903411609600,1130360903411609600,1558334015000,2019-05-20,09:33:35,+03,1673248831,ziyaonis,Ziya Onis,,Mactan sonra Şampiyonluk Kutlamaları. pic.twitter.com/mPKFX6J3Ss,[],[],['https://pbs.twimg.com/media/D6_ZHZyXYAAoE1x.jpg'],0,0,17,[],[],https://twitter.com/ZiyaOnis/status/1130360903411609600,False,,0,,,,,,,"[{'user_id': '1673248831', 'username': 'ZiyaOnis'}]",,Championship Celebrations after the Mac. pic.twitter.com/mpkfx6j3ss,tr,en
1130354230211096576,1130354230211096576,1558332424000,2019-05-20,09:07:04,+03,1673248831,ziyaonis,Ziya Onis,,Oğlum Gökhan ve arkadaşlarıyla beraber Galatasaray-Başakşehir maçındayız. 22'inci şampiyonluğumuz kutlu olsun. pic.twitter.com/zz2SSPnOKR,[],[],['https://pbs.twimg.com/media/D6_SR0LXoAE3cwv.jpg'],6,0,67,[],[],https://twitter.com/ZiyaOnis/status/1130354230211096576,False,,0,,,,,,,"[{'user_id': '1673248831', 'username': 'ZiyaOnis'}]",,We are in Galatasaray-Başakşehir match with my son Gökhan and his friends. Happy 22nd championship. pic.twitter.com/zz2sspnok is,tr,en
1126788279339298822,1126788279339298822,1557482235000,2019-05-10,12:57:15,+03,1673248831,ziyaonis,Ziya Onis,,Teşekkürler Emre. Senin değerli yardımların olmasaydı o kitap basılmazdı. https://twitter.com/urbanhobbit/status/1126738642628558848 …,[],['https://twitter.com/urbanhobbit/status/1126738642628558848'],[],1,1,53,[],[],https://twitter.com/ZiyaOnis/status/1126788279339298822,False,https://twitter.com/urbanhobbit/status/1126738642628558848,0,,,,,,,"[{'user_id': '1673248831', 'username': 'ZiyaOnis'}]",,"Thank you Emre. Without your valuable help, that book would not have been published. https://twitter.com/urbanhobbit/status/1126738642628558848 ...",tr,en
1116648549159186432,1116648549159186432,1555064735000,2019-04-12,13:25:35,+03,1673248831,ziyaonis,Ziya Onis,,Teşekkürler Altay https://twitter.com/AltayAtli/status/1116645665369669632 …,[],['https://twitter.com/AltayAtli/status/1116645665369669632'],[],0,0,8,[],[],https://twitter.com/ZiyaOnis/status/1116648549159186432,False,https://twitter.com/AltayAtli/status/1116645665369669632,0,,,,,,,"[{'user_id': '1673248831', 'username': 'ZiyaOnis'}]",,Thanks Altay https://twitter.com/AltayAtli/status/1116645665369669632…,tr,en
1106811657093824512,1106811657093824512,1552719437000,2019-03-16,09:57:17,+03,1673248831,ziyaonis,Ziya Onis,,Yüksek lisans ve doktora öğrencileri için güzel bir fırsat. https://twitter.com/TarikOguzlu/status/1106555310024593409 …,[],['https://twitter.com/TarikOguzlu/status/1106555310024593409'],[],0,6,23,[],[],https://twitter.com/ZiyaOnis/status/1106811657093824512,False,https://twitter.com/TarikOguzlu/status/1106555310024593409,0,,,,,,,"[{'user_id': '1673248831', 'username': 'ZiyaOnis'}]",,A good opportunity for graduate and doctorate students. https://twitter.com/tarikoguzlu/status/1106555310024593409 ...,tr,en
1101770223731032065,1101770223731032065,1551517465000,2019-03-02,12:04:25,+03,1673248831,ziyaonis,Ziya Onis,,İlginç bir yazıya benziyor. Tarık hocamızın seçtiği makaleleri merakla izliyorum ve okumaya çalışıyorum. https://twitter.com/TarikOguzlu/status/1101536898269569029 …,[],['https://twitter.com/TarikOguzlu/status/1101536898269569029'],[],0,1,10,[],[],https://twitter.com/ZiyaOnis/status/1101770223731032065,False,https://twitter.com/TarikOguzlu/status/1101536898269569029,0,,,,,,,"[{'user_id': '1673248831', 'username': 'ZiyaOnis'}]",,"It looks like an interesting article. I am curiously watching the articles chosen by our teacher, and I am trying to read it. https://twitter.com/tarikoguzlu/status/1101536898269569029 ...",tr,en
1101448358839967744,1101448358839967744,1551440727000,2019-03-01,14:45:27,+03,1673248831,ziyaonis,Ziya Onis,,Government and Opposition makalemiz sonunda basıldı. Mustafa Kutlay  @mmkutlay ile yeni makaleler üzerinde çalışıyoruz. https://twitter.com/govandopp/status/1101413919535570944 …,['mmkutlay'],['https://twitter.com/govandopp/status/1101413919535570944'],[],0,1,40,[],[],https://twitter.com/ZiyaOnis/status/1101448358839967744,False,https://twitter.com/govandopp/status/1101413919535570944,0,,,,,,,"[{'user_id': '1673248831', 'username': 'ZiyaOnis'}, {'user_id': '986737208043372545', 'username': 'mmkutlay'}]",,Our Government and Opposition article was finally published. We are working on new articles with Mustafa Kutlay @mmkutlay. https://twitter.com/govandopp/status/1101413919535570944 ...,tr,en
1096042396448632834,1096042396448632834,1550151845000,2019-02-14,16:44:05,+03,1673248831,ziyaonis,Ziya Onis,,"Küreselleşme, Servet Eşitsizliği ve Demokrasi Üçgeni Üzerine_ Öniş & Özçelik.pdf  https://www.academia.edu/38343254/K%C3%BCreselle%C5%9Fme_Servet_E%C5%9Fitsizli%C4%9Fi_ve_Demokrasi_%C3%9C%C3%A7geni_%C3%9Czerine_%C3%96ni%C5%9F_and_%C3%96z%C3%A7elik.pdf?source=swp_share … via @academia",['academia'],['https://www.academia.edu/38343254/K%C3%BCreselle%C5%9Fme_Servet_E%C5%9Fitsizli%C4%9Fi_ve_Demokrasi_%C3%9C%C3%A7geni_%C3%9Czerine_%C3%96ni%C5%9F_and_%C3%96z%C3%A7elik.pdf?source=swp_share'],[],0,9,41,[],[],https://twitter.com/ZiyaOnis/status/1096042396448632834,False,,0,,,,,,,"[{'user_id': '1673248831', 'username': 'ZiyaOnis'}, {'user_id': '22809165', 'username': 'academia'}]",,"On the Globalization, Wealth Inequality and the Triangle of Democracy_ Öniş & Özçelik.pdf https://www.academia.edu/38343254/K%C3%BCreselle%C5%9Fme_Servet_E%C5%9Fitsizli%C4%9Fi_ve_Demokrasi_%C3%9Ceni%%CC%9Fi_ve_Demokrasi_%C3%9Ceni%AC7%9Figve_Demokrasi_%C3%9Ceni%AC7%ACg%_Cg%_Ceni % C3% 9Czerine_% C3% 96ni% C5% 9F_and_% C3% 96z% C3% A7elik.pdf? Source = swp_share… via @academia",tr,en
1095642992050950144,1095642992050950144,1550056620000,2019-02-13,14:17:00,+03,1673248831,ziyaonis,Ziya Onis,,Yeni Çalışmamız Çalışma ve Toplum dergisinde basıldı.  http://calismatoplum.org/kuresellesme-servet-esitsizligi-ve-demokrasi-ucgeni-uzerine/ …,[],['http://calismatoplum.org/kuresellesme-servet-esitsizligi-ve-demokrasi-ucgeni-uzerine/'],[],0,16,52,[],[],https://twitter.com/ZiyaOnis/status/1095642992050950144,False,,0,,,,,,,"[{'user_id': '1673248831', 'username': 'ZiyaOnis'}]",,Our New Study was published in the journal Study and Society. http://calismatoplum.org/kuresellesme-servet-esitsizligi-ve-demokrasi-ucgeni-uzerine/ ...,tr,en
1093793076768882689,1093793076768882689,1549615565000,2019-02-08,11:46:05,+03,1673248831,ziyaonis,Ziya Onis,,Altay çok güzel yazmış. Sarıyer eski günlerine dönüyor. Bu sene şampiyonluk bekliyoruz. https://twitter.com/AltayAtli/status/1093785045561692161 …,[],['https://twitter.com/AltayAtli/status/1093785045561692161'],[],0,0,8,[],[],https://twitter.com/ZiyaOnis/status/1093793076768882689,False,https://twitter.com/AltayAtli/status/1093785045561692161,0,,,,,,,"[{'user_id': '1673248831', 'username': 'ZiyaOnis'}]",,Altay wrote very well. Sarıyer returns to its old days. We expect championship this year. https://twitter.com/altayatli/status/1093785045561692161 ...,tr,en
1093068755700207616,1093068755700207616,1549442874000,2019-02-06,11:47:54,+03,1673248831,ziyaonis,Ziya Onis,,Merakla okuyacağım bir çalışma. https://twitter.com/BILGI_European/status/1093067226821861376 …,[],['https://twitter.com/BILGI_European/status/1093067226821861376'],[],0,2,34,[],[],https://twitter.com/ZiyaOnis/status/1093068755700207616,False,https://twitter.com/BILGI_European/status/1093067226821861376,0,,,,,,,"[{'user_id': '1673248831', 'username': 'ZiyaOnis'}]",,A study that I will read curiously. https://twitter.com/bılgı_european/status/1093067226821861376 ...,tr,en
1092782069938339840,1092782069938339840,1549374523000,2019-02-05,16:48:43,+03,1673248831,ziyaonis,Ziya Onis,,Yunanistan'da yaşanan kriz ve sonrası ile ilgili çok çarpıcı bir özel sayı. https://twitter.com/uidergisi/status/1092730892848689153 …,[],['https://twitter.com/uidergisi/status/1092730892848689153'],[],0,4,21,[],[],https://twitter.com/ZiyaOnis/status/1092782069938339840,False,https://twitter.com/uidergisi/status/1092730892848689153,0,,,,,,,"[{'user_id': '1673248831', 'username': 'ZiyaOnis'}]",,A very striking special issue about the crisis in Greece and its post. https://twitter.com/uidergisi/status/1092730892848689153 ...,tr,en
1090582966378684417,1090582966378684417,1548850215000,2019-01-30,15:10:15,+03,1673248831,ziyaonis,Ziya Onis,,"Kuşak ve Yol Girişimi bağlamında, Çin'in eleştirilere tepkisi ile ilgili anlamlı bir yazı. https://twitter.com/ForeignAffairs/status/1090581342637776896 …",[],['https://twitter.com/ForeignAffairs/status/1090581342637776896'],[],0,2,18,[],[],https://twitter.com/ZiyaOnis/status/1090582966378684417,False,https://twitter.com/ForeignAffairs/status/1090581342637776896,0,,,,,,,"[{'user_id': '1673248831', 'username': 'ZiyaOnis'}]",,A meaningful article about China's reaction to criticism in the context of the Belt and Road Initiative. https://twitter.com/foreignaffairs/status/1090581342637776896 ...,tr,en
1088775583117557761,1088775583117557761,1548419302000,2019-01-25,15:28:22,+03,1673248831,ziyaonis,Ziya Onis,,Çok güzel bir gelişme. https://twitter.com/profdrmaydin/status/1088770694429765632 …,[],['https://twitter.com/profdrmaydin/status/1088770694429765632'],[],0,4,27,[],[],https://twitter.com/ZiyaOnis/status/1088775583117557761,False,https://twitter.com/profdrmaydin/status/1088770694429765632,0,,,,,,,"[{'user_id': '1673248831', 'username': 'ZiyaOnis'}]",,A very good development. https://twitter.com/profdrmaydin/status/1088770694429765632 ...,tr,en
1087941840568020992,1087941840568020992,1548220522000,2019-01-23,08:15:22,+03,1673248831,ziyaonis,Ziya Onis,,Ivan Krastev'den önemli bir katkı. https://twitter.com/ProSyn/status/1087928158223908864 …,[],['https://twitter.com/ProSyn/status/1087928158223908864'],[],0,1,13,[],[],https://twitter.com/ZiyaOnis/status/1087941840568020992,False,https://twitter.com/ProSyn/status/1087928158223908864,0,,,,,,,"[{'user_id': '1673248831', 'username': 'ZiyaOnis'}]",,An important contribution from Ivan Krastev. https://twitter.com/prosyn/status/1087928158223908864 ...,tr,en
1087594374068867072,1087594374068867072,1548137679000,2019-01-22,09:14:39,+03,1673248831,ziyaonis,Ziya Onis,,"I am glad that my ""Age of Anxiety"" is attracting attention. Son dönem makalelerimden birinin ilgi çekmesi güzel bir duygu. Teşekkürler Cas Mudde. https://twitter.com/CasMudde/status/1087535807840378880 …",[],['https://twitter.com/CasMudde/status/1087535807840378880'],[],1,9,106,[],[],https://twitter.com/ZiyaOnis/status/1087594374068867072,False,https://twitter.com/CasMudde/status/1087535807840378880,0,,,,,,,"[{'user_id': '1673248831', 'username': 'ZiyaOnis'}]",,"I am glad that my ""Age of Anxiety"" is attracting attention. It is a good feeling that one of my recent articles attracted attention. Thanks Cas Mudde. https://twitter.com/casmudde/status/1087535807840378880 ...",tr,en
1087396614052950019,1087396614052950019,1548090530000,2019-01-21,20:08:50,+03,1673248831,ziyaonis,Ziya Onis,,Servet eşitsizliği ile ilgili çarpıcı veriler. https://twitter.com/EURACTIV/status/1087272336833822721 …,[],['https://twitter.com/EURACTIV/status/1087272336833822721'],[],0,2,3,[],[],https://twitter.com/ZiyaOnis/status/1087396614052950019,False,https://twitter.com/EURACTIV/status/1087272336833822721,0,,,,,,,"[{'user_id': '1673248831', 'username': 'ZiyaOnis'}]",,Striking data on wealth inequality. https://twitter.com/euractıv/status/1087272336833822721 ...,tr,en
1085936463454367746,1085936463454367746,1547742403000,2019-01-17,19:26:43,+03,1673248831,ziyaonis,Ziya Onis,,TS 2009 makalemize halen ilgi olması sevindirici bir durum. https://twitter.com/Uli_TR/status/1085870539799818240 …,[],['https://twitter.com/Uli_TR/status/1085870539799818240'],[],0,0,23,[],[],https://twitter.com/ZiyaOnis/status/1085936463454367746,False,https://twitter.com/Uli_TR/status/1085870539799818240,0,,,,,,,"[{'user_id': '1673248831', 'username': 'ZiyaOnis'}]",,It is pleasing that there is still interest in our TS 2009 article. https://twitter.com/uli_tr/status/1085870539799818240 ...,tr,en
1085892663424049158,1085892663424049158,1547731960000,2019-01-17,16:32:40,+03,1673248831,ziyaonis,Ziya Onis,,Eric Hobsbawm ile ilgili çok çarpıcı bir yazı. https://twitter.com/guardian/status/1085891656144977920 …,[],['https://twitter.com/guardian/status/1085891656144977920'],[],1,6,70,[],[],https://twitter.com/ZiyaOnis/status/1085892663424049158,False,https://twitter.com/guardian/status/1085891656144977920,0,,,,,,,"[{'user_id': '1673248831', 'username': 'ZiyaOnis'}]",,A very striking article about Eric Hobsbawm. https://twitter.com/guardian/status/1085891656144977920 ...,tr,en
1085817285246312449,1085817285246312449,1547713988000,2019-01-17,11:33:08,+03,1673248831,ziyaonis,Ziya Onis,,Robert Skiedelsky'den anlamli bir yazı. https://twitter.com/ProSyn/status/1085815487580250112 …,[],['https://twitter.com/ProSyn/status/1085815487580250112'],[],0,0,7,[],[],https://twitter.com/ZiyaOnis/status/1085817285246312449,False,https://twitter.com/ProSyn/status/1085815487580250112,0,,,,,,,"[{'user_id': '1673248831', 'username': 'ZiyaOnis'}]",,A meaningful article from Robert Skiedelsky. https://twitter.com/prosyn/status/1085815487580250112 ...,tr,en
1084853831534632961,1084853831534632961,1547484283000,2019-01-14,19:44:43,+03,1673248831,ziyaonis,Ziya Onis,,Merakla okuyacağım bir rapor. https://twitter.com/NicholasDanfort/status/1084852242547699712 …,[],['https://twitter.com/NicholasDanfort/status/1084852242547699712'],[],1,2,11,[],[],https://twitter.com/ZiyaOnis/status/1084853831534632961,False,https://twitter.com/NicholasDanfort/status/1084852242547699712,0,,,,,,,"[{'user_id': '1673248831', 'username': 'ZiyaOnis'}]",,A report that I will read curiously. https://twitter.com/nicholasdanfort/status/1084852242547699712 ...,tr,en
1084786860994514944,1084786860994514944,1547468316000,2019-01-14,15:18:36,+03,1673248831,ziyaonis,Ziya Onis,,AB konularında çalışan genç akademisyenler için önemli bir fırsat. https://twitter.com/viaduct_eu/status/1084783041099321346 …,[],['https://twitter.com/viaduct_eu/status/1084783041099321346'],[],0,7,17,[],[],https://twitter.com/ZiyaOnis/status/1084786860994514944,False,https://twitter.com/viaduct_eu/status/1084783041099321346,0,,,,,,,"[{'user_id': '1673248831', 'username': 'ZiyaOnis'}]",,An important opportunity for young academics working on EU matters. https://twitter.com/viaduct_eu/status/1084783041099321346 ...,tr,en
1084767810524532737,1084767810524532737,1547463774000,2019-01-14,14:02:54,+03,1673248831,ziyaonis,Ziya Onis,,Karl Polanyi'nin katkıları günümüz dünyasını anlamak açısından önemli. https://twitter.com/PJDunleavy/status/1084766319969325056 …,[],['https://twitter.com/PJDunleavy/status/1084766319969325056'],[],0,3,30,[],[],https://twitter.com/ZiyaOnis/status/1084767810524532737,False,https://twitter.com/PJDunleavy/status/1084766319969325056,0,,,,,,,"[{'user_id': '1673248831', 'username': 'ZiyaOnis'}]",,The contributions of Karl Polanyi are important in understanding the world today. https://twitter.com/pjdunleavy/status/1084766319969325056 ...,tr,en
1084760004975050752,1084760004975050752,1547461913000,2019-01-14,13:31:53,+03,1673248831,ziyaonis,Ziya Onis,,Doktora adayları için güzel bir fırsat. https://twitter.com/glob_politics/status/1084479649978241025 …,[],['https://twitter.com/glob_politics/status/1084479649978241025'],[],0,12,33,[],[],https://twitter.com/ZiyaOnis/status/1084760004975050752,False,https://twitter.com/glob_politics/status/1084479649978241025,0,,,,,,,"[{'user_id': '1673248831', 'username': 'ZiyaOnis'}]",,A good opportunity for PhD candidates. https://twitter.com/glob_politics/status/1084479649978241025 ...,tr,en
1084379140466315264,1084379140466315264,1547371108000,2019-01-13,12:18:28,+03,1673248831,ziyaonis,Ziya Onis,,Gideon Rachman'in Carl Schmitt ile ilgili yazısı okumaya değer. https://twitter.com/JGuehenno/status/1084077274616528896 …,[],['https://twitter.com/JGuehenno/status/1084077274616528896'],[],0,1,16,[],[],https://twitter.com/ZiyaOnis/status/1084379140466315264,False,https://twitter.com/JGuehenno/status/1084077274616528896,0,,,,,,,"[{'user_id': '1673248831', 'username': 'ZiyaOnis'}]",,Gideon Rachman's article on Carl Schmitt is worth reading. https://twitter.com/jguehenno/status/1084077274616528896 ...,tr,en
1084360897949241345,1084360897949241345,1547366759000,2019-01-13,11:05:59,+03,1673248831,ziyaonis,Ziya Onis,,Rakamlar üzerinde düşünmeye devam. https://twitter.com/spectatorindex/status/1084155549648850944 …,[],['https://twitter.com/spectatorindex/status/1084155549648850944'],[],0,2,1,[],[],https://twitter.com/ZiyaOnis/status/1084360897949241345,False,https://twitter.com/spectatorindex/status/1084155549648850944,0,,,,,,,"[{'user_id': '1673248831', 'username': 'ZiyaOnis'}]",,Keep thinking on the figures. https://twitter.com/spectatorindex/status/1084155549648850944 ...,tr,en
1084027333194010625,1084027333194010625,1547287231000,2019-01-12,13:00:31,+03,1673248831,ziyaonis,Ziya Onis,,Popülizm-dış politika ilişkisi üzerine güzel bir yazı. https://twitter.com/DavidCadier/status/1083706901861404674 …,[],['https://twitter.com/DavidCadier/status/1083706901861404674'],[],0,7,46,[],[],https://twitter.com/ZiyaOnis/status/1084027333194010625,False,https://twitter.com/DavidCadier/status/1083706901861404674,0,,,,,,,"[{'user_id': '1673248831', 'username': 'ZiyaOnis'}]",,A good article on the relationship between populism and foreign policy. https://twitter.com/davidcadier/status/1083706901861404674 ...,tr,en
1083739777705357312,1083739777705357312,1547218672000,2019-01-11,17:57:52,+03,1673248831,ziyaonis,Ziya Onis,,Bugünün dünyasında Willy Brandt tarzı liderlere ihtiyacımız var. https://twitter.com/BWBStiftung/status/1083734939957383169 …,[],['https://twitter.com/BWBStiftung/status/1083734939957383169'],[],0,2,8,[],[],https://twitter.com/ZiyaOnis/status/1083739777705357312,False,https://twitter.com/BWBStiftung/status/1083734939957383169,0,,,,,,,"[{'user_id': '1673248831', 'username': 'ZiyaOnis'}]",,"In today's world, we need Willy Brandt-style leaders. https://twitter.com/bwbstiftung/status/1083734939957383169 ...",tr,en
1083735434788769792,1083735434788769792,1547217637000,2019-01-11,17:40:37,+03,1673248831,ziyaonis,Ziya Onis,,Sadık Hocamıza katılıyorum. https://twitter.com/sadikunay/status/1083727066657378304 …,[],['https://twitter.com/sadikunay/status/1083727066657378304'],[],0,0,0,[],[],https://twitter.com/ZiyaOnis/status/1083735434788769792,False,https://twitter.com/sadikunay/status/1083727066657378304,0,,,,,,,"[{'user_id': '1673248831', 'username': 'ZiyaOnis'}]",,I agree with our loyal teacher. https://twitter.com/sadikunay/status/1083727066657378304 ...,tr,en
1083674825028222976,1083674825028222976,1547203186000,2019-01-11,13:39:46,+03,1673248831,ziyaonis,Ziya Onis,,Üzerinde düşünmemiz gereken rakamlar. https://twitter.com/AlperUcok/status/1083672721819615232 …,[],['https://twitter.com/AlperUcok/status/1083672721819615232'],[],1,4,29,[],[],https://twitter.com/ZiyaOnis/status/1083674825028222976,False,https://twitter.com/AlperUcok/status/1083672721819615232,0,,,,,,,"[{'user_id': '1673248831', 'username': 'ZiyaOnis'}]",,The numbers we need to consider. https://twitter.com/alperucok/status/1083672721819615232 ...,tr,en
1083424316304379904,1083424316304379904,1547143460000,2019-01-10,21:04:20,+03,1673248831,ziyaonis,Ziya Onis,,Tunus yine zor bir dönemeçte. https://twitter.com/ProSyn/status/1083415422563545088 …,[],['https://twitter.com/ProSyn/status/1083415422563545088'],[],0,0,4,[],[],https://twitter.com/ZiyaOnis/status/1083424316304379904,False,https://twitter.com/ProSyn/status/1083415422563545088,0,,,,,,,"[{'user_id': '1673248831', 'username': 'ZiyaOnis'}]",,Tunisia is at a difficult turn again. https://twitter.com/prosyn/status/1083415422563545088 ...,tr,en
1082218992561995776,1082218992561995776,1546856089000,2019-01-07,13:14:49,+03,1673248831,ziyaonis,Ziya Onis,,Sürekli takip ettiğim bir dergi. Bu sayı da önemli görünüyor. https://twitter.com/IAJournal_CH/status/1082214005501018112 …,[],['https://twitter.com/IAJournal_CH/status/1082214005501018112'],[],1,2,24,[],[],https://twitter.com/ZiyaOnis/status/1082218992561995776,False,https://twitter.com/IAJournal_CH/status/1082214005501018112,0,,,,,,,"[{'user_id': '1673248831', 'username': 'ZiyaOnis'}]",,A magazine that I follow all the time. This number also seems important. https://twitter.com/ıajournal_ch/status/1082214005501018112 ...,tr,en
1081472327160922112,1081472327160922112,1546678070000,2019-01-05,11:47:50,+03,1673248831,ziyaonis,Ziya Onis,,Branko Milanoviç'in söyledikleri önemli. Tamamen içe kapanarak küreselleşmenin yarattığı sorunları çözmek mümkün plmuyor. https://twitter.com/ProMarket_org/status/1081241282989699072 …,[],['https://twitter.com/ProMarket_org/status/1081241282989699072'],[],1,1,19,[],[],https://twitter.com/ZiyaOnis/status/1081472327160922112,False,https://twitter.com/ProMarket_org/status/1081241282989699072,0,,,,,,,"[{'user_id': '1673248831', 'username': 'ZiyaOnis'}]",,What Branko Milanovic said is important. It is not possible to solve the problems caused by globalization by completely closing it in. https://twitter.com/promarket_org/status/1081241282989699072 ...,tr,en
1081276727870058497,1081276727870058497,1546631435000,2019-01-04,22:50:35,+03,1673248831,ziyaonis,Ziya Onis,,Latin Amerika'daki dönüşümlerle ilgili önemli bir kaynak. https://twitter.com/ThinkDemocracy/status/1081275300531654656 …,[],['https://twitter.com/ThinkDemocracy/status/1081275300531654656'],[],0,1,12,[],[],https://twitter.com/ZiyaOnis/status/1081276727870058497,False,https://twitter.com/ThinkDemocracy/status/1081275300531654656,0,,,,,,,"[{'user_id': '1673248831', 'username': 'ZiyaOnis'}]",,An important source of conversions in Latin America. https://twitter.com/thinkdemocracy/status/1081275300531654656 ...,tr,en
1081276058886946816,1081276058886946816,1546631276000,2019-01-04,22:47:56,+03,1673248831,ziyaonis,Ziya Onis,,Tebrikler. Yeni yıl okuma listeme ekliyorum. https://twitter.com/skostem/status/1081237752082022401 …,[],['https://twitter.com/skostem/status/1081237752082022401'],[],1,1,7,[],[],https://twitter.com/ZiyaOnis/status/1081276058886946816,False,https://twitter.com/skostem/status/1081237752082022401,0,,,,,,,"[{'user_id': '1673248831', 'username': 'ZiyaOnis'}]",,Congratulations. I add it to my new year reading list. https://twitter.com/skostem/status/1081237752082022401 ...,tr,en
1081180339408654336,1081180339408654336,1546608454000,2019-01-04,16:27:34,+03,1673248831,ziyaonis,Ziya Onis,,İlginç bir sayı. İlk makaleyi anlamakta zorlanabilirim. https://twitter.com/uidergisi/status/1081169893830127616 …,[],['https://twitter.com/uidergisi/status/1081169893830127616'],[],1,3,34,[],[],https://twitter.com/ZiyaOnis/status/1081180339408654336,False,https://twitter.com/uidergisi/status/1081169893830127616,0,,,,,,,"[{'user_id': '1673248831', 'username': 'ZiyaOnis'}]",,An interesting number. I may have trouble understanding the first article. https://twitter.com/uidergisi/status/1081169893830127616 ...,tr,en
1080873789750214656,1080873789750214656,1546535367000,2019-01-03,20:09:27,+03,1673248831,ziyaonis,Ziya Onis,,ABD-Çİn rekabetinin teknoloji boyutu üzerine. https://twitter.com/IAJournal_CH/status/1080870125631348736 …,[],['https://twitter.com/IAJournal_CH/status/1080870125631348736'],[],0,5,24,[],[],https://twitter.com/ZiyaOnis/status/1080873789750214656,False,https://twitter.com/IAJournal_CH/status/1080870125631348736,0,,,,,,,"[{'user_id': '1673248831', 'username': 'ZiyaOnis'}]",,On the technology dimension of the US-China competition. https://twitter.com/ıajournal_ch/status/1080870125631348736 ...,tr,en
1080704146343448577,1080704146343448577,1546494921000,2019-01-03,08:55:21,+03,1673248831,ziyaonis,Ziya Onis,,Duvar örerek sorunları çözemeyeceğimiz bir dünya ümidiyle. https://twitter.com/RBReich/status/1080601806126776320 …,[],['https://twitter.com/RBReich/status/1080601806126776320'],[],0,0,14,[],[],https://twitter.com/ZiyaOnis/status/1080704146343448577,False,https://twitter.com/RBReich/status/1080601806126776320,0,,,,,,,"[{'user_id': '1673248831', 'username': 'ZiyaOnis'}]",,With the hope of a world where we cannot solve problems by building walls. https://twitter.com/rbreich/status/1080601806126776320 ...,tr,en
1080507225146355714,1080507225146355714,1546447971000,2019-01-02,19:52:51,+03,1673248831,ziyaonis,Ziya Onis,,Küresel eşitsizliğin en önemli kaynaklarından biri. https://twitter.com/econromesh/status/1080448624637620225 …,[],['https://twitter.com/econromesh/status/1080448624637620225'],[],0,3,23,[],[],https://twitter.com/ZiyaOnis/status/1080507225146355714,False,https://twitter.com/econromesh/status/1080448624637620225,0,,,,,,,"[{'user_id': '1673248831', 'username': 'ZiyaOnis'}]",,One of the most important sources of global inequality. https://twitter.com/econromesh/status/1080448624637620225 ...,tr,en
1080506617693700096,1080506617693700096,1546447827000,2019-01-02,19:50:27,+03,1673248831,ziyaonis,Ziya Onis,,Brezilya zor bir dönemeçte. https://twitter.com/ForeignAffairs/status/1080502007755091968 …,[],['https://twitter.com/ForeignAffairs/status/1080502007755091968'],[],0,0,6,[],[],https://twitter.com/ZiyaOnis/status/1080506617693700096,False,https://twitter.com/ForeignAffairs/status/1080502007755091968,0,,,,,,,"[{'user_id': '1673248831', 'username': 'ZiyaOnis'}]",,Brazil is in a difficult turn. https://twitter.com/foreignaffairs/status/1080502007755091968 ...,tr,en
1080373858597814272,1080373858597814272,1546416174000,2019-01-02,11:02:54,+03,1673248831,ziyaonis,Ziya Onis,,En kısa zamanda okumayı planlaladığım bir çalışma. https://twitter.com/AyhanKaya14/status/1080353947980832768 …,[],['https://twitter.com/AyhanKaya14/status/1080353947980832768'],[],0,3,34,[],[],https://twitter.com/ZiyaOnis/status/1080373858597814272,False,https://twitter.com/AyhanKaya14/status/1080353947980832768,0,,,,,,,"[{'user_id': '1673248831', 'username': 'ZiyaOnis'}]",,A study that I plan to read as soon as possible. https://twitter.com/ayhankaya14/status/1080353947980832768 ...,tr,en
1079368175895150597,1079368175895150597,1546176401000,2018-12-30,16:26:41,+03,1673248831,ziyaonis,Ziya Onis,,Çin ile ilgili ilginç okumalar. https://twitter.com/chinaquarterly/status/1076061775420895232 …,[],['https://twitter.com/chinaquarterly/status/1076061775420895232'],[],0,8,47,[],[],https://twitter.com/ZiyaOnis/status/1079368175895150597,False,https://twitter.com/chinaquarterly/status/1076061775420895232,0,,,,,,,"[{'user_id': '1673248831', 'username': 'ZiyaOnis'}]",,Interesting readings about China. https://twitter.com/chinaquarterly/status/1076061775420895232 ...,tr,en
1079349303733301248,1079349303733301248,1546171902000,2018-12-30,15:11:42,+03,1673248831,ziyaonis,Ziya Onis,,Çin'in büyüme sürecine eleştirel bir bakış. https://twitter.com/ProSyn/status/1079338810813509637 …,[],['https://twitter.com/ProSyn/status/1079338810813509637'],[],0,3,17,[],[],https://twitter.com/ZiyaOnis/status/1079349303733301248,False,https://twitter.com/ProSyn/status/1079338810813509637,0,,,,,,,"[{'user_id': '1673248831', 'username': 'ZiyaOnis'}]",,A critical look at China's growth process. https://twitter.com/prosyn/status/1079338810813509637 ...,tr,en
1079063249281343490,1078959643408453632,1546103701000,2018-12-29,20:15:01,+03,1673248831,ziyaonis,Ziya Onis,,İyi Seneler Esra. Haberleşmek üzere.,['esraserimm'],[],[],0,0,1,[],[],https://twitter.com/ZiyaOnis/status/1079063249281343490,False,,0,,,,,,,"[{'user_id': '1673248831', 'username': 'ZiyaOnis'}, {'user_id': '346825270', 'username': 'esraserimm'}]",,Good Year Esra. About to communicate.,tr,en
1078959643408453632,1078959643408453632,1546078999000,2018-12-29,13:23:19,+03,1673248831,ziyaonis,Ziya Onis,,"Mayıs ayında Dokuz Eylül Üniversitesi İktisat Kulübünün davetlisi olarak katıldığım ""Küreselleşmenin Krizleri ve Yeni Ekonomik Düzen Tartışmaları"" semineri özel bir anı olarak hep aklımda. Utku Utkulu, Yaşar Uysal Hocalarımıza ve tüm katılımcılara tekrar teşekkürler. İyi seneler",[],[],[],1,0,11,[],[],https://twitter.com/ZiyaOnis/status/1078959643408453632,False,,0,,,,,,,"[{'user_id': '1673248831', 'username': 'ZiyaOnis'}]",,"The ""Crises of Globalization and New Economic Order Discussions"" seminar, which I attended as a guest of the Dokuz Eylul University Economic Club in May, is always on my mind as a special memory. Utku Utkulu, Thanks again to Yaşar Uysal and all the participants. Good year",tr,en
1078953350954184704,1078953350954184704,1546077499000,2018-12-29,12:58:19,+03,1673248831,ziyaonis,Ziya Onis,,Geriye baktığımda 2018 yılının en güzel anılarından biriydi. Muhsin Kar hocamıza ve Niğde Ömer Halisdemir Üniversitesindeki tüm dostlara tekrar teşekkürler.  İyi seneler. https://twitter.com/karmuhsin/status/1055890889267179520 …,[],['https://twitter.com/karmuhsin/status/1055890889267179520'],[],0,1,24,[],[],https://twitter.com/ZiyaOnis/status/1078953350954184704,False,https://twitter.com/karmuhsin/status/1055890889267179520,0,,,,,,,"[{'user_id': '1673248831', 'username': 'ZiyaOnis'}]",,Looking back was one of the most beautiful memories of 2018. Thanks again to our teacher Muhsin Kar and all the friends at Niğde Ömer Halisdemir University. Good year. https://twitter.com/karmuhsin/status/1055890889267179520 ...,tr,en
1078312974845177856,1078312974845177856,1545924821000,2018-12-27,18:33:41,+03,1673248831,ziyaonis,Ziya Onis,,Seminer sonrası ikramlar da müthişti.  Tekrar teşekkürler. Middle powers kitabi için çok tebrikler. https://twitter.com/emelparlar2/status/1078296846550872064 …,[],['https://twitter.com/emelparlar2/status/1078296846550872064'],[],1,1,24,[],[],https://twitter.com/ZiyaOnis/status/1078312974845177856,False,https://twitter.com/emelparlar2/status/1078296846550872064,0,,,,,,,"[{'user_id': '1673248831', 'username': 'ZiyaOnis'}]",,The refreshments after the seminar were also great. Thanks again. Many congratulations for the Middle powers book. https://twitter.com/emelparlar2/status/1078296846550872064 ...,tr,en
1078311877996933120,1078311877996933120,1545924560000,2018-12-27,18:29:20,+03,1673248831,ziyaonis,Ziya Onis,,Küresel süreçlerle ilgili verimli bir tartışma olduğunu düşünüyorum. Tekrar teşekkürler. https://twitter.com/MarmaraPss/status/1078244211659599872 …,[],['https://twitter.com/MarmaraPss/status/1078244211659599872'],[],0,1,14,[],[],https://twitter.com/ZiyaOnis/status/1078311877996933120,False,https://twitter.com/MarmaraPss/status/1078244211659599872,0,,,,,,,"[{'user_id': '1673248831', 'username': 'ZiyaOnis'}]",,I think there is an efficient discussion about global processes. Thanks again. https://twitter.com/marmarapss/status/1078244211659599872 ...,tr,en
1078311550140760065,1078311550140760065,1545924482000,2018-12-27,18:28:02,+03,1673248831,ziyaonis,Ziya Onis,,Marmara'daki seminerimiz güzel geçti. Emel Parlar Dal'a ve tüm katılımcılara teşekkür ederim. https://twitter.com/emelparlar2/status/1078246722785153024 …,[],['https://twitter.com/emelparlar2/status/1078246722785153024'],[],1,2,45,[],[],https://twitter.com/ZiyaOnis/status/1078311550140760065,False,https://twitter.com/emelparlar2/status/1078246722785153024,0,,,,,,,"[{'user_id': '1673248831', 'username': 'ZiyaOnis'}]",,Our seminar in Marmara was beautiful. I would like to thank Emel Parlar Dal and all the participants. https://twitter.com/emelparlar2/status/1078246722785153024 ...,tr,en
1074726613768699907,1074726613768699907,1545069766000,2018-12-17,21:02:46,+03,1673248831,ziyaonis,Ziya Onis,,Great Seminar. Good to see Ali Burak Güven at Koç again. https://twitter.com/aliburakguven/status/1074718232022528000 …,[],['https://twitter.com/aliburakguven/status/1074718232022528000'],[],0,0,9,[],[],https://twitter.com/ZiyaOnis/status/1074726613768699907,False,https://twitter.com/aliburakguven/status/1074718232022528000,0,,,,,,,"[{'user_id': '1673248831', 'username': 'ZiyaOnis'}]",,Great Seminar. Good to see Ali Burak Güven at Koç again. https://twitter.com/aliburakguven/status/1074718232022528000 ...,tr,en
1026206920590458880,1026206920590458880,1533501770000,2018-08-05,23:42:50,+03,1673248831,ziyaonis,Ziya Onis,,Tebrikler Barış https://twitter.com/sbarisgulmez/status/1026163847567237121 …,[],['https://twitter.com/sbarisgulmez/status/1026163847567237121'],[],1,0,7,[],[],https://twitter.com/ZiyaOnis/status/1026206920590458880,False,https://twitter.com/sbarisgulmez/status/1026163847567237121,0,,,,,,,"[{'user_id': '1673248831', 'username': 'ZiyaOnis'}]",,Congratulations Barış https://twitter.com/sbarisgulmez/status/1026163847567237121…,tr,en
1003995629641654273,1003995629641654273,1528206186000,2018-06-05,16:43:06,+03,1673248831,ziyaonis,Ziya Onis,,Dilek ve Barış'a tebrikler. https://twitter.com/Uli_TR/status/1003967563653664768 …,[],['https://twitter.com/Uli_TR/status/1003967563653664768'],[],0,0,0,[],[],https://twitter.com/ZiyaOnis/status/1003995629641654273,False,https://twitter.com/Uli_TR/status/1003967563653664768,0,,,,,,,"[{'user_id': '1673248831', 'username': 'ZiyaOnis'}]",,Congratulations to Dilek and Barış. https://twitter.com/uli_tr/status/1003967563653664768 ...,tr,en
1003995616861515777,1003995616861515777,1528206183000,2018-06-05,16:43:03,+03,1673248831,ziyaonis,Ziya Onis,,Dilek ve Barış'a tebrikler. https://twitter.com/Uli_TR/status/1003967563653664768 …,[],['https://twitter.com/Uli_TR/status/1003967563653664768'],[],0,0,0,[],[],https://twitter.com/ZiyaOnis/status/1003995616861515777,False,https://twitter.com/Uli_TR/status/1003967563653664768,0,,,,,,,"[{'user_id': '1673248831', 'username': 'ZiyaOnis'}]",,Congratulations to Dilek and Barış. https://twitter.com/uli_tr/status/1003967563653664768 ...,tr,en
1003995610574249984,1003995610574249984,1528206181000,2018-06-05,16:43:01,+03,1673248831,ziyaonis,Ziya Onis,,Dilek ve Barış'a tebrikler. https://twitter.com/Uli_TR/status/1003967563653664768 …,[],['https://twitter.com/Uli_TR/status/1003967563653664768'],[],0,0,0,[],[],https://twitter.com/ZiyaOnis/status/1003995610574249984,False,https://twitter.com/Uli_TR/status/1003967563653664768,0,,,,,,,"[{'user_id': '1673248831', 'username': 'ZiyaOnis'}]",,Congratulations to Dilek and Barış. https://twitter.com/uli_tr/status/1003967563653664768 ...,tr,en
1003545411255259137,1003545411255259137,1528098845000,2018-06-04,10:54:05,+03,1673248831,ziyaonis,Ziya Onis,,Güzel bir girişim. https://twitter.com/digdemsoyaltin/status/1003538605221076992 …,[],['https://twitter.com/digdemsoyaltin/status/1003538605221076992'],[],0,0,6,[],[],https://twitter.com/ZiyaOnis/status/1003545411255259137,False,https://twitter.com/digdemsoyaltin/status/1003538605221076992,0,,,,,,,"[{'user_id': '1673248831', 'username': 'ZiyaOnis'}]",,A nice initiative. https://twitter.com/digdemsoyaltin/status/1003538605221076992 ...,tr,en
1001408604711411713,1001408604711411713,1527589391000,2018-05-29,13:23:11,+03,1673248831,ziyaonis,Ziya Onis,,"I just uploaded '""Pekin Uzlaşısı"" ve Yükselen Ekonomilerde Demokrasinin Geleceği' to @academia! http://www.academia.edu/36738564/FENER_TR_LR_18_2 …",['academia'],['http://www.academia.edu/36738564/FENER_TR_LR_18_2'],[],0,12,26,[],[],https://twitter.com/ZiyaOnis/status/1001408604711411713,False,,0,,,,,,,"[{'user_id': '1673248831', 'username': 'ZiyaOnis'}, {'user_id': '22809165', 'username': 'academia'}]",,I just uploaded 'The Beijing Accord' and the Future of Democracy in Emerging Economies' to @academia! http://www.academia.edu/36738564/fener_tr_lr_18_2 ...,tr,en
992085448704086016,992085448704086016,1525366577000,2018-05-03,19:56:17,+03,1673248831,ziyaonis,Ziya Onis,,Ali Hocamıza cok tebrikler. https://twitter.com/sinemacikmese/status/992073155295498245 …,[],['https://twitter.com/sinemacikmese/status/992073155295498245'],[],0,1,5,[],[],https://twitter.com/ZiyaOnis/status/992085448704086016,False,https://twitter.com/sinemacikmese/status/992073155295498245,0,,,,,,,"[{'user_id': '1673248831', 'username': 'ZiyaOnis'}]",,Congratulations to Ali Hodja. https://twitter.com/sinemacikmese/status/992073155295498245 ...,tr,en
977661156801372160,977627636351545346,1521927558000,2018-03-25,00:39:18,+03,1673248831,ziyaonis,Ziya Onis,,Mesajınız için tesekkurler. Age of Anxiety makalem dogrudan bu konuyla ilgili. https://www.academia.edu/33343873/The_Age_of_Anxiety_The_Crisis_of_Liberal_Democracy_in_a_Post-Hegemonic_Global_Order …,"['zelinabc', 'tesadernegi']",['https://www.academia.edu/33343873/The_Age_of_Anxiety_The_Crisis_of_Liberal_Democracy_in_a_Post-Hegemonic_Global_Order'],[],1,0,1,[],[],https://twitter.com/ZiyaOnis/status/977661156801372160,False,,0,,,,,,,"[{'user_id': '1673248831', 'username': 'ZiyaOnis'}, {'user_id': '481980806', 'username': 'zelinabc'}, {'user_id': '3239266222', 'username': 'tesadernegi'}]",,Thank you for your message. My Age of Anxiety article is directly related to this topic. Is https://www.academia.edu/33343873/the_age_of_anxiety_the_crisis_of_liberal_democracy_in_a_post-hegemonic_global_ord ...,tr,en
975697940626001921,975697940626001921,1521459491000,2018-03-19,14:38:11,+03,1673248831,ziyaonis,Ziya Onis,,Ben de orada olacağım. Merakla bekliyoruz. https://twitter.com/AltayAtli/status/975689196068392965 …,[],['https://twitter.com/AltayAtli/status/975689196068392965'],[],0,0,1,[],[],https://twitter.com/ZiyaOnis/status/975697940626001921,False,https://twitter.com/AltayAtli/status/975689196068392965,0,,,,,,,"[{'user_id': '1673248831', 'username': 'ZiyaOnis'}]",,I'll be there too. We eagerly await. https://twitter.com/altayatli/status/975689196068392965 ...,tr,en
974905652547080192,974905652547080192,1521270595000,2018-03-17,10:09:55,+03,1673248831,ziyaonis,Ziya Onis,,Önemli bir dergi. Takip etmenizi öneririm. https://twitter.com/iktisatoplum/status/974902966028140544 …,[],['https://twitter.com/iktisatoplum/status/974902966028140544'],[],0,1,8,[],[],https://twitter.com/ZiyaOnis/status/974905652547080192,False,https://twitter.com/iktisatoplum/status/974902966028140544,0,,,,,,,"[{'user_id': '1673248831', 'username': 'ZiyaOnis'}]",,An important magazine. I suggest you to follow. https://twitter.com/iktisatoplum/status/974902966028140544 ...,tr,en
973983128590135299,973983128590135299,1521050648000,2018-03-14,21:04:08,+03,1673248831,ziyaonis,Ziya Onis,,Democratic BRICS makalemiz Third World Quarterly dergisinde yayınlandı (online version) https://www.tandfonline.com/eprint/t8EdEUbcTPGAKvYm837Z/full …,[],['https://www.tandfonline.com/eprint/t8EdEUbcTPGAKvYm837Z/full'],[],0,6,19,[],[],https://twitter.com/ZiyaOnis/status/973983128590135299,False,,0,,,,,,,"[{'user_id': '1673248831', 'username': 'ZiyaOnis'}]",,Our Democratic BRICS article has been published in the Third World Quarterly magazine (online version) https://www.tandfonline.com/eprint/t8EdEUbcTPGAKvYm837Z/full…,tr,en
963709094933794817,963709094933794817,1518601127000,2018-02-14,12:38:47,+03,1673248831,ziyaonis,Ziya Onis,,En kısa zamanda okumayı planlıyorum. https://twitter.com/digdemsoyaltin/status/963703815630450688 …,[],['https://twitter.com/digdemsoyaltin/status/963703815630450688'],[],1,3,2,[],[],https://twitter.com/ZiyaOnis/status/963709094933794817,False,https://twitter.com/digdemsoyaltin/status/963703815630450688,0,,,,,,,"[{'user_id': '1673248831', 'username': 'ZiyaOnis'}]",,I plan to read as soon as possible. https://twitter.com/digdemsoyaltin/status/963703815630450688 ...,tr,en
962136728826982401,962136728826982401,1518226246000,2018-02-10,04:30:46,+03,1673248831,ziyaonis,Ziya Onis,,Giderek artan gelir eşitsizliği Çin'de de önemli bir sorun. https://twitter.com/ForeignPolicy/status/962122709521100800 …,[],['https://twitter.com/ForeignPolicy/status/962122709521100800'],[],0,3,8,[],[],https://twitter.com/ZiyaOnis/status/962136728826982401,False,https://twitter.com/ForeignPolicy/status/962122709521100800,0,,,,,,,"[{'user_id': '1673248831', 'username': 'ZiyaOnis'}]",,Increasing income inequality is also an important problem in China. https://twitter.com/foreignpolicy/status/962122709521100800 ...,tr,en
961904860395462656,961904860395462656,1518170964000,2018-02-09,13:09:24,+03,1673248831,ziyaonis,Ziya Onis,,Son derece önemli bir araştırma. https://twitter.com/urbanhobbit/status/961902674101850112 …,[],['https://twitter.com/urbanhobbit/status/961902674101850112'],[],0,3,4,[],[],https://twitter.com/ZiyaOnis/status/961904860395462656,False,https://twitter.com/urbanhobbit/status/961902674101850112,0,,,,,,,"[{'user_id': '1673248831', 'username': 'ZiyaOnis'}]",,An extremely important research. https://twitter.com/urbanhobbit/status/961902674101850112 ...,tr,en
961173071880245248,961173071880245248,1517996492000,2018-02-07,12:41:32,+03,1673248831,ziyaonis,Ziya Onis,,Kalkınmacı devlet tartışmalarına yeni katkılar. https://twitter.com/SPERIshefuni/status/961148515174027266 …,[],['https://twitter.com/SPERIshefuni/status/961148515174027266'],[],0,1,0,[],[],https://twitter.com/ZiyaOnis/status/961173071880245248,False,https://twitter.com/SPERIshefuni/status/961148515174027266,0,,,,,,,"[{'user_id': '1673248831', 'username': 'ZiyaOnis'}]",,New contributions to developmental state debates. https://twitter.com/sperıshefuni/status/961148515174027266 ...,tr,en
960877793813909506,960877793813909506,1517926092000,2018-02-06,17:08:12,+03,1673248831,ziyaonis,Ziya Onis,,Çok ilginç bir sayı. Merakla okuyacagim. https://twitter.com/uidergisi/status/960803820170334208 …,[],['https://twitter.com/uidergisi/status/960803820170334208'],[],0,3,24,[],[],https://twitter.com/ZiyaOnis/status/960877793813909506,False,https://twitter.com/uidergisi/status/960803820170334208,0,,,,,,,"[{'user_id': '1673248831', 'username': 'ZiyaOnis'}]",,It's a very interesting number. I will be curious to read. https://twitter.com/uidergisi/status/960803820170334208 ...,tr,en
960605149671632896,960605149671632896,1517861089000,2018-02-05,23:04:49,+03,1673248831,ziyaonis,Ziya Onis,,Güzel bir girişim. https://twitter.com/alimuratkursun/status/960560459211558912 …,[],['https://twitter.com/alimuratkursun/status/960560459211558912'],[],1,2,3,[],[],https://twitter.com/ZiyaOnis/status/960605149671632896,False,https://twitter.com/alimuratkursun/status/960560459211558912,0,,,,,,,"[{'user_id': '1673248831', 'username': 'ZiyaOnis'}]",,A nice initiative. https://twitter.com/alimuratkursun/status/960560459211558912 ...,tr,en
959342667116285952,959342667116285952,1517560090000,2018-02-02,11:28:10,+03,1673248831,ziyaonis,Ziya Onis,,Çocukluk dönemimin kahramanı. Ben de sevgi ve rahmetle aniyorum. https://twitter.com/SukruGENCBaskan/status/959322712752738304 …,[],['https://twitter.com/SukruGENCBaskan/status/959322712752738304'],[],0,0,5,[],[],https://twitter.com/ZiyaOnis/status/959342667116285952,False,https://twitter.com/SukruGENCBaskan/status/959322712752738304,0,,,,,,,"[{'user_id': '1673248831', 'username': 'ZiyaOnis'}]",,The hero of my childhood. I remember it with love and mercy. https://twitter.com/sukrugencbaskan/status/959322712752738304 ...,tr,en
952587174251257856,952587174251257856,1515949455000,2018-01-14,20:04:15,+03,1673248831,ziyaonis,Ziya Onis,,Layard LSE'de hocamdi. Seneler sonra gayet formda ve üretken olduğunu görmek çok güzel. https://twitter.com/LSEpublicevents/status/952583098121801730 …,[],['https://twitter.com/LSEpublicevents/status/952583098121801730'],[],0,0,13,[],[],https://twitter.com/ZiyaOnis/status/952587174251257856,False,https://twitter.com/LSEpublicevents/status/952583098121801730,0,,,,,,,"[{'user_id': '1673248831', 'username': 'ZiyaOnis'}]",,He was my teacher at Layard LSE. It is great to see that it is very fit and productive years later. https://twitter.com/lsepublicevents/status/952583098121801730 ...,tr,en
949338198421000199,949338198421000199,1515174839000,2018-01-05,20:53:59,+03,1673248831,ziyaonis,Ziya Onis,,Düşündürücü rakamlar https://twitter.com/Kahvecibrahim/status/949282301350957056 …,[],['https://twitter.com/Kahvecibrahim/status/949282301350957056'],[],0,6,5,[],[],https://twitter.com/ZiyaOnis/status/949338198421000199,False,https://twitter.com/Kahvecibrahim/status/949282301350957056,0,,,,,,,"[{'user_id': '1673248831', 'username': 'ZiyaOnis'}]",,Thoughtful figures https://twitter.com/Kahvecibrahim/status/949282301350957056…,tr,en
949204497775185921,949204497775185921,1515142962000,2018-01-05,12:02:42,+03,1673248831,ziyaonis,Ziya Onis,,Önemli bir katkı. Okumanızı öneririm. https://twitter.com/Uli_TR/status/949191865068408832 …,[],['https://twitter.com/Uli_TR/status/949191865068408832'],[],0,3,16,[],[],https://twitter.com/ZiyaOnis/status/949204497775185921,False,https://twitter.com/Uli_TR/status/949191865068408832,0,,,,,,,"[{'user_id': '1673248831', 'username': 'ZiyaOnis'}]",,An important contribution. I suggest you to read. https://twitter.com/uli_tr/status/949191865068408832 ...,tr,en
946663179702226945,946663179702226945,1514537064000,2017-12-29,11:44:24,+03,1673248831,ziyaonis,Ziya Onis,,Değerli hocalarımızı yürekten kutlarım. https://twitter.com/kocuniversity/status/946660705922617344 …,[],['https://twitter.com/kocuniversity/status/946660705922617344'],[],0,0,4,[],[],https://twitter.com/ZiyaOnis/status/946663179702226945,False,https://twitter.com/kocuniversity/status/946660705922617344,0,,,,,,,"[{'user_id': '1673248831', 'username': 'ZiyaOnis'}]",,I congratulate our valuable teachers. https://twitter.com/kocuniversity/status/946660705922617344 ...,tr,en
943121983092477953,943121983092477953,1513692777000,2017-12-19,17:12:57,+03,1673248831,ziyaonis,Ziya Onis,,Oliver Stuenkel'in BRICS ülkeleri konusundaki katkıları önemli. Çalışmalarını yakından takip ediyorum. https://twitter.com/OliverStuenkel/status/943097481004322816 …,[],['https://twitter.com/OliverStuenkel/status/943097481004322816'],[],0,2,9,[],[],https://twitter.com/ZiyaOnis/status/943121983092477953,False,https://twitter.com/OliverStuenkel/status/943097481004322816,0,,,,,,,"[{'user_id': '1673248831', 'username': 'ZiyaOnis'}]",,The contributions of Oliver Stuenkel on BRICS countries are important. I follow his work closely. https://twitter.com/oliverstuenkel/status/943097481004322816 ...,tr,en
942691401120276480,942691401120276480,1513590119000,2017-12-18,12:41:59,+03,1673248831,ziyaonis,Ziya Onis,,Manchester'deki doktora dönemlerimi hatırlatan fotograflar. https://twitter.com/OfficialUoM/status/942682850566049792 …,[],['https://twitter.com/OfficialUoM/status/942682850566049792'],[],0,0,5,[],[],https://twitter.com/ZiyaOnis/status/942691401120276480,False,https://twitter.com/OfficialUoM/status/942682850566049792,0,,,,,,,"[{'user_id': '1673248831', 'username': 'ZiyaOnis'}]",,Photos reminding me of my PhD periods in Manchester. https://twitter.com/officialuom/status/942682850566049792 ...,tr,en
928717659281207299,928717659281207299,1510258519000,2017-11-09,23:15:19,+03,1673248831,ziyaonis,Ziya Onis,,Koç Üniversitesi GLODEM ve KUASIA Merkezlerinin ortak etkinliği çerçevesinde Çin'in Yükselişini ve Küreselleşmenin Geleceğini tartıştık.  https://events.ku.edu.tr/d/59fabcfd8a2b7 ,[],['https://events.ku.edu.tr/d/59fabcfd8a2b7'],[],0,0,4,[],[],https://twitter.com/ZiyaOnis/status/928717659281207299,False,,0,,,,,,,"[{'user_id': '1673248831', 'username': 'ZiyaOnis'}]",,We discussed the Rise of China and the Future of Globalization within the joint activity of Koç University GLODEM and KUASIA Centers. https://events.ku.edu.tr/d/59fabcfd8a2b7,tr,en
928670225217867776,928670225217867776,1510247210000,2017-11-09,20:06:50,+03,1673248831,ziyaonis,Ziya Onis,,Koç Üniversitesi GLODEM ve KUASYA Merkezlerinin ortak etkinliği çerçevesinde Çin'in Yükselişini ve Küreselleşmenin Geleceğini tartıştık.  https://events.ku.edu.tr/d/59fabcfd8a2b7 ,[],['https://events.ku.edu.tr/d/59fabcfd8a2b7'],[],0,1,11,[],[],https://twitter.com/ZiyaOnis/status/928670225217867776,False,,0,,,,,,,"[{'user_id': '1673248831', 'username': 'ZiyaOnis'}]",,We discussed the Rise of China and the Future of Globalization within the joint activity of Koç University GLODEM and KUASYA Centers. https://events.ku.edu.tr/d/59fabcfd8a2b7,tr,en
893018470803271680,893018470803271680,1501747169000,2017-08-03,10:59:29,+03,1673248831,ziyaonis,Ziya Onis,,Küreselleşme ve Parçalanma Bir Arada. Garanti Masters Online Magazine Röportajım.  http://bulten.garanti.com.tr/newsletter/garanti/mastersOnlineMagazine/2017/magazin/08/male.html …,[],['http://bulten.garanti.com.tr/newsletter/garanti/mastersOnlineMagazine/2017/magazin/08/male.html'],[],0,1,8,[],[],https://twitter.com/ZiyaOnis/status/893018470803271680,False,,0,,,,,,,"[{'user_id': '1673248831', 'username': 'ZiyaOnis'}]",,Globalization and Fragmentation Together. My Interview with Garanti Masters Online Magazine. http://bulten.garanti.com.tr/newsletter/garanti/mastersonlinemagazine/2017/magazin/08/male.html ...,tr,en
878952508277784576,878952508277784576,1498393582000,2017-06-25,15:26:22,+03,1673248831,ziyaonis,Ziya Onis,,Ramazan Bayramınız kutlu olsun. Mutlu ve huzurlu bir Bayram diliyorum.,[],[],[],0,0,4,[],[],https://twitter.com/ZiyaOnis/status/878952508277784576,False,,0,,,,,,,"[{'user_id': '1673248831', 'username': 'ZiyaOnis'}]",,Happy Ramadan Feast. I wish you a happy and peaceful holiday.,tr,en
556865262461665280,556865262461665280,1421601999000,2015-01-18,19:26:39,+03,1673248831,ziyaonis,Ziya Onis,,"''Küreselleşme, Gelir Adaletsizliği ve Demokrasinin Geleceği: Kriz Sonrası Eğilimler'', https://www.academia.edu/8326210/Küreselleşme_Gelir_Adaletsizliği_ve_Demokrasinin_Geleceği_Kriz_Sonrası_Eğilimler …",[],['https://www.academia.edu/8326210/Küreselleşme_Gelir_Adaletsizliği_ve_Demokrasinin_Geleceği_Kriz_Sonrası_Eğilimler'],[],0,3,5,[],[],https://twitter.com/ZiyaOnis/status/556865262461665280,False,,0,,,,,,,"[{'user_id': '1673248831', 'username': 'ZiyaOnis'}]",,"""Globalization, Income Injustice and the Future of Democracy: Trends After the Crisis""",tr,en
517258628743823360,517258628743823360,1412159041000,2014-10-01,13:24:01,+03,1673248831,ziyaonis,Ziya Onis,,"''Avrupa'da Kemer Sıkma Politikasının İflası'',  http://www.cumhuriyet.com.tr/koseyazisi/125721/Avrupa_da_Kemer_Sikma_Politikasinin_iflasi.html …, @ErincYeldan",['erincyeldan'],['http://www.cumhuriyet.com.tr/koseyazisi/125721/Avrupa_da_Kemer_Sikma_Politikasinin_iflasi.html'],[],0,2,2,[],[],https://twitter.com/ZiyaOnis/status/517258628743823360,False,,0,,,,,,,"[{'user_id': '1673248831', 'username': 'ZiyaOnis'}, {'user_id': '613264464', 'username': 'ErincYeldan'}]",,"'' The Bankruptcy of Austerity Policy in Europe '', http://www.cumhuriyet.com.tr/koseyazisi/125721/Europe_da_Kemer_Sikma_Politikasinin_iflasi.html…, @ErincYeldan",tr,en
513022932684394496,513022932684394496,1411149173000,2014-09-19,20:52:53,+03,1673248831,ziyaonis,Ziya Onis,,"Batı'da artan işsizlik ve gelir adaletsizliği, liberal demokrasinin krizi olarak tezahür ediyor:  https://www.academia.edu/8326210/Kuresellesme_Gelir_Adaletsizligi_ve_Demokrasinin_Gelecegi_Kriz_Sonrasi_Egilimler …",[],['https://www.academia.edu/8326210/Kuresellesme_Gelir_Adaletsizligi_ve_Demokrasinin_Gelecegi_Kriz_Sonrasi_Egilimler'],[],0,10,1,[],[],https://twitter.com/ZiyaOnis/status/513022932684394496,False,,0,,,,,,,"[{'user_id': '1673248831', 'username': 'ZiyaOnis'}]",,Increasing unemployment and income injustice in the West is manifested as the crisis of liberal democracy: https://www.academia.edu/8326210/Kuresellesme_Gelir_Adaletsizligi_ve_Demokrasinin_ Gelecegi_Kriz_Sonrasi_Eends ...,tr,en
511619797067390976,511619797067390976,1410814639000,2014-09-15,23:57:19,+03,1673248831,ziyaonis,Ziya Onis,,"[Yeni Makalem]: ''Küreselleşme, Gelir Adaletsizliği ve Demokrasinin Geleceği: Kriz Sonrası Eğilimler''
 https://www.academia.edu/8326210/Kuresellesme_Gelir_Adaletsizligi_ve_Demokrasinin_Gelecegi_Kriz_Sonrasi_Egilimler …",[],['https://www.academia.edu/8326210/Kuresellesme_Gelir_Adaletsizligi_ve_Demokrasinin_Gelecegi_Kriz_Sonrasi_Egilimler'],[],0,7,8,[],[],https://twitter.com/ZiyaOnis/status/511619797067390976,False,,0,,,,,,,"[{'user_id': '1673248831', 'username': 'ZiyaOnis'}]",,"[My New Article]: ""Globalization, Income Injustice and the Future of Democracy: Trends after the Crisis""
 https://www.academia.edu/8326210/kuresellesme_gelir_adaletsizligi_ve_demokrasinin_gelecegi_kriz_sonrasi_egilim on ...",tr,en
485742752668614657,485742752668614657,1404645071000,2014-07-06,14:11:11,+03,1673248831,ziyaonis,Ziya Onis,,"7 Temmuz'da,TOBB-ETÜ'de (@SPM_ETU) kriz sonrası dönemde küreselleşme-eşitsizlik-demokrasi ilişkisini tartışacağız: 
 http://spm.etu.edu.tr/tr/publish/2014_07_07-Ziya-Onis-Seminer.html …",['spm_etu'],['http://spm.etu.edu.tr/tr/publish/2014_07_07-Ziya-Onis-Seminer.html'],[],0,5,3,[],[],https://twitter.com/ZiyaOnis/status/485742752668614657,False,,0,,,,,,,"[{'user_id': '1673248831', 'username': 'ZiyaOnis'}, {'user_id': '412929852', 'username': 'SPM_ETU'}]",,"On July 7, we will discuss the relationship between globalization-inequality-democracy in the post-crisis period in TOBB-ETU (@SPM_ETU):
 http://spm.etu.edu.tr/tr/publish/2014_07_07-ziya-onis-seminer.html ...",tr,en
444828680733212672,444798571855228928,1394890396000,2014-03-15,15:33:16,+03,1673248831,ziyaonis,Ziya Onis,,"@BirolBaskan @kocuniversity Birol, kamuya acik. Bekleriz.","['birolbaskan', 'kocuniversity']",[],[],0,0,0,[],[],https://twitter.com/ZiyaOnis/status/444828680733212672,False,,0,,,,,,,"[{'user_id': '1673248831', 'username': 'ZiyaOnis'}, {'user_id': '2650442270', 'username': 'birolbaskan'}, {'user_id': '455864087', 'username': 'kocuniversity'}]",,@BirolBaskan @kocuniversity Birol is open to the public. We wait.,tr,en
444802542024028160,444798571855228928,1394884164000,2014-03-15,13:49:24,+03,1673248831,ziyaonis,Ziya Onis,,"@BirolBaskan @kocuniversity Evet, Birol bey. Sizleri de bekleriz!","['birolbaskan', 'kocuniversity']",[],[],0,0,0,[],[],https://twitter.com/ZiyaOnis/status/444802542024028160,False,,0,,,,,,,"[{'user_id': '1673248831', 'username': 'ZiyaOnis'}, {'user_id': '2650442270', 'username': 'birolbaskan'}, {'user_id': '455864087', 'username': 'kocuniversity'}]",,"@BirolBaskan @kocuniversity Yes, Mr. Birol. We are waiting for you too!",tr,en
442735695489015808,442735695489015808,1394391390000,2014-03-09,20:56:30,+03,1673248831,ziyaonis,Ziya Onis,,Politik ekonomide yeni büyük soruları Uluslararası İlişkilere Giriş kitabında tartıştık @mustafakutlay_ @sabankardas pic.twitter.com/OLxlTibBwk,['sabankardas'],[],['https://pbs.twimg.com/media/BiTpxPOCIAAhEWw.jpg'],0,3,6,[],[],https://twitter.com/ZiyaOnis/status/442735695489015808,False,,0,,,,,,,"[{'user_id': '1673248831', 'username': 'ZiyaOnis'}, {'user_id': '415088724', 'username': 'sabankardas'}]",,We discussed new big questions in the political economy in the Introduction to International Relations book @mustafakutlay_ @sabankardas pic.twitter.com/OLxlTibBwk,tr,en
439172159278428160,439172159278428160,1393541776000,2014-02-28,00:56:16,+03,1673248831,ziyaonis,Ziya Onis,,"''Yeni Ekonomik Düzen'' kitabımızda ABD, AB, Meksika, Brezilya, Türkiye, Çin, Rusya, G20, DTÖ tecrübelerini inceledik. @iletisimyayin",['iletisimyayin'],[],[],0,0,2,[],[],https://twitter.com/ZiyaOnis/status/439172159278428160,False,,0,,,,,,,"[{'user_id': '1673248831', 'username': 'ZiyaOnis'}, {'user_id': '82138109', 'username': 'iletisimyayin'}]",,"'' New Economic Order 'in our book US, EU, Mexico, Brazil, Turkey, China, Russia, the G20, the WTO, we examine their experiences. the @iletisimya",tr,en
